{
  "genotype": [
    -923,
    -345,
    -497,
    -419,
    -969,
    -97,
    -178,
    761,
    181,
    442,
    79,
    -789,
    676,
    453,
    355,
    -325,
    705,
    240,
    96,
    298,
    982,
    -29,
    875,
    -313,
    954,
    -647,
    0,
    -981,
    627,
    -50,
    497,
    -202,
    679,
    -687,
    80
  ],
  "CzyPoprawny": true,
  "Fenotype": {
    "RSI": -1.1671597633136095,
    "Opening": 1.2760563380281691,
    "Min": -0.46099290780141844,
    "Max": 2.5,
    "Closing": 0.30346232179226068,
    "Periods": 79.0,
    "BuyLimit": -50.0,
    "StopLimit": 627.0
  },
  "SurvivalScore": 221866.29539999997,
  "TestedSurvivalScore": -64680.273000000088
}