{
  "genotype": [
    -211,
    -558,
    739,
    -213,
    -303,
    919,
    -904,
    -83,
    -273,
    -416,
    11,
    -835,
    298,
    680,
    949,
    -105,
    -441,
    753,
    710,
    -632,
    -939,
    -281,
    -215,
    472,
    977,
    -594,
    1,
    -999,
    618,
    -312,
    -690,
    -435,
    -520,
    149,
    -573
  ],
  "CzyPoprawny": true,
  "Fenotype": {
    "RSI": -2.8020134228187921,
    "Opening": 0.7165437302423604,
    "Min": 0.23809523809523808,
    "Max": 1.06056338028169,
    "Closing": 0.67305644302449419,
    "Periods": 11.0,
    "BuyLimit": -312.0,
    "StopLimit": 618.0
  },
  "SurvivalScore": 229586.0841,
  "TestedSurvivalScore": 14059.926000000181
}