{
  "genotype": [
    -677,
    -1,
    62,
    961,
    721,
    185,
    357,
    466,
    -169,
    736,
    81,
    139,
    -683,
    -875,
    -688,
    91,
    510,
    -817,
    918,
    796,
    141,
    -906,
    403,
    328,
    783,
    969,
    1,
    -974,
    -191,
    942,
    501,
    -380,
    -529,
    51,
    850
  ],
  "CzyPoprawny": false,
  "Fenotype": {
    "RSI": -0.20351390922401172,
    "Opening": 1.2718023255813953,
    "Min": 0.17843137254901961,
    "Max": -0.88997821350762529,
    "Closing": 5.6453900709219855,
    "Periods": 81.0,
    "BuyLimit": 942.0,
    "StopLimit": -191.0
  },
  "SurvivalScore": 226555.02980000008,
  "TestedSurvivalScore": -22933.804000000004
}