{
  "genotype": [
    -439,
    -703,
    1,
    754,
    -471,
    668,
    -299,
    548,
    -312,
    993,
    79,
    -363,
    -413,
    614,
    866,
    706,
    -975,
    19,
    863,
    948,
    -506,
    -314,
    -919,
    -380,
    -820,
    738,
    1,
    997,
    14,
    -387,
    -510,
    -495,
    -378,
    -641,
    762
  ],
  "CzyPoprawny": false,
  "Fenotype": {
    "RSI": 0.87893462469733652,
    "Opening": 0.70900692840646651,
    "Min": -0.72410256410256413,
    "Max": 0.0220162224797219,
    "Closing": -1.8735177865612649,
    "Periods": 79.0,
    "BuyLimit": -387.0,
    "StopLimit": 14.0
  },
  "SurvivalScore": 216075.92170000012,
  "TestedSurvivalScore": -89042.07
}