{
  "genotype": [
    745,
    -42,
    460,
    951,
    644,
    -4,
    -26,
    -713,
    -571,
    -150,
    74,
    -522,
    170,
    480,
    351,
    -361,
    -229,
    79,
    673,
    -555,
    -659,
    -671,
    281,
    183,
    12,
    491,
    1,
    -896,
    372,
    -268,
    -989,
    280,
    104,
    176,
    -336
  ],
  "CzyPoprawny": true,
  "Fenotype": {
    "RSI": -3.0705882352941178,
    "Opening": 1.3675213675213676,
    "Min": 1.5764192139737991,
    "Max": 0.11738484398216939,
    "Closing": 0.842185128983308,
    "Periods": 74.0,
    "BuyLimit": -268.0,
    "StopLimit": 372.0
  },
  "SurvivalScore": 142115.18719999993,
  "TestedSurvivalScore": -15163.008000000031
}