{
  "genotype": [
    -184,
    -422,
    593,
    -58,
    681,
    -750,
    660,
    -976,
    -510,
    190,
    98,
    834,
    -351,
    277,
    -727,
    -566,
    -845,
    320,
    531,
    951,
    -826,
    -665,
    -431,
    -864,
    686,
    -597,
    1,
    -807,
    -220,
    743,
    6,
    -102,
    492,
    583,
    891
  ],
  "CzyPoprawny": true,
  "Fenotype": {
    "RSI": -2.3760683760683761,
    "Opening": -0.3810178817056396,
    "Min": 0.66982248520710064,
    "Max": 0.60263653483992463,
    "Closing": -1.1513317191283292,
    "Periods": 98.0,
    "BuyLimit": 743.0,
    "StopLimit": -220.0
  },
  "SurvivalScore": 120531.58319999991,
  "TestedSurvivalScore": -13786.788000000088
}