{
  "genotype": [
    987,
    864,
    125,
    990,
    902,
    -939,
    -470,
    350,
    856,
    994,
    118,
    -207,
    -216,
    256,
    -228,
    -560,
    879,
    -378,
    782,
    -921,
    -247,
    970,
    -368,
    55,
    -171,
    -47,
    0,
    452,
    -597,
    856,
    -367,
    284,
    688,
    264,
    12
  ],
  "CzyPoprawny": false,
  "Fenotype": {
    "RSI": 0.95833333333333337,
    "Opening": -1.1228070175438596,
    "Min": -0.63708759954493743,
    "Max": -0.48337595907928388,
    "Closing": 3.7287449392712553,
    "Periods": 118.0,
    "BuyLimit": 856.0,
    "StopLimit": -597.0
  },
  "SurvivalScore": 55203.302399999993,
  "TestedSurvivalScore": -4243.8279999999941
}