{
  "genotype": [
    -551,
    -656,
    -116,
    599,
    83,
    -28,
    -409,
    -80,
    -767,
    174,
    9,
    820,
    532,
    755,
    -252,
    748,
    -995,
    -900,
    493,
    762,
    898,
    -60,
    -688,
    549,
    190,
    60,
    0,
    980,
    -81,
    -667,
    -415,
    900,
    -804,
    -381,
    819
  ],
  "CzyPoprawny": true,
  "Fenotype": {
    "RSI": 1.5413533834586466,
    "Opening": -2.996031746031746,
    "Min": -0.75175879396984924,
    "Max": -1.8255578093306288,
    "Closing": 0.84855233853006684,
    "Periods": 9.0,
    "BuyLimit": -667.0,
    "StopLimit": -81.0
  },
  "SurvivalScore": 231351.54000000004,
  "TestedSurvivalScore": -34016.780000000246
}