{
  "genotype": [
    604,
    249,
    -336,
    -617,
    915,
    434,
    500,
    781,
    -444,
    -888,
    81,
    -199,
    969,
    974,
    101,
    -930,
    651,
    -924,
    589,
    -250,
    757,
    489,
    -33,
    -439,
    815,
    74,
    1,
    -987,
    -329,
    962,
    223,
    95,
    -43,
    -220,
    -714
  ],
  "CzyPoprawny": true,
  "Fenotype": {
    "RSI": -0.20536635706914344,
    "Opening": 9.6435643564356432,
    "Min": -1.4285714285714286,
    "Max": -1.5687606112054329,
    "Closing": -0.33025099075297226,
    "Periods": 81.0,
    "BuyLimit": 962.0,
    "StopLimit": -329.0
  },
  "SurvivalScore": 235075.0731,
  "TestedSurvivalScore": -23239.902000000046
}