{
  "genotype": [
    -681,
    -957,
    391,
    -146,
    113,
    -501,
    -46,
    -837,
    268,
    515,
    60,
    -436,
    -799,
    -287,
    -772,
    -481,
    353,
    -477,
    86,
    550,
    660,
    -184,
    -462,
    739,
    385,
    -868,
    1,
    981,
    -788,
    -584,
    786,
    -418,
    -44,
    123,
    2
  ],
  "CzyPoprawny": true,
  "Fenotype": {
    "RSI": 0.54568210262828531,
    "Opening": 0.37176165803108807,
    "Min": -1.3626062322946175,
    "Max": -5.5465116279069768,
    "Closing": 0.83333333333333337,
    "Periods": 60.0,
    "BuyLimit": -584.0,
    "StopLimit": -788.0
  },
  "SurvivalScore": 209430.84509999992,
  "TestedSurvivalScore": -96340.086000000054
}