{
  "genotype": [
    334,
    -799,
    -836,
    -665,
    -839,
    -74,
    -939,
    755,
    685,
    -531,
    79,
    166,
    41,
    -575,
    57,
    849,
    460,
    -302,
    -29,
    281,
    -91,
    554,
    -637,
    218,
    -726,
    527,
    1,
    991,
    772,
    696,
    -607,
    915,
    871,
    -43,
    744
  ],
  "CzyPoprawny": true,
  "Fenotype": {
    "RSI": 4.0487804878048781,
    "Opening": -10.087719298245615,
    "Min": 1.8456521739130434,
    "Max": 10.413793103448276,
    "Closing": -3.087912087912088,
    "Periods": 79.0,
    "BuyLimit": 696.0,
    "StopLimit": 772.0
  },
  "SurvivalScore": 209378.38090000002,
  "TestedSurvivalScore": -105113.38800000006
}